<profile version="1.0">
  <option name="myName" value="Default" />
  <inspection_tool class="PyCompatibilityInspection" enabled="true" level="WARNING" enabled_by_default="true">
    <option name="ourVersions">
      <value>
        <list size="1">
          <item index="0" class="java.lang.String" itemvalue="3.12" />
        </list>
      </value>
    </option>
  </inspection_tool>
  <inspection_tool class="PyMissingTypeHintsInspection" enabled="true" level="TEXT ATTRIBUTES" enabled_by_default="true" editorAttributes="CONSIDERATION_ATTRIBUTES" />
</profile>