<keymap version="1" name="Sublime Text copy" parent="Sublime Text">
  <action id="EditorAddOrRemoveCaret">
    <mouse-shortcut keystroke="shift control button1" />
  </action>
  <action id="EditorUnindentSelection">
    <keyboard-shortcut first-keystroke="ctrl open_bracket" />
    <keyboard-shortcut first-keystroke="shift tab" />
  </action>
  <action id="GotoDeclaration">
    <keyboard-shortcut first-keystroke="f12" />
    <mouse-shortcut keystroke="button2" />
    <mouse-shortcut keystroke="control button1" />
  </action>
</keymap>